Feature,Mean |SHAP|
Day of Week,2.064173655199323
Vehicle Model,1.8878703741574714
Time of Day,1.3443138223944917
Charger Type,1.097630401155131
City,0.919809899191131
State of Charge (End %),0.783545447709854
State of Charge (Start %),0.7588163629881994
User Type,0.7064818387433248
Battery Capacity (kWh),0.5907479250886066
State,0.13956312611036759
Count of Station,0.08779108699339581
Station Name,0.008159893437271531
ZIP,0.0010569537856405288
